name,duration(s),label,notes,spectral slope,spectral roll off,F0,pitch range,max_jump,jitter,shimmer,energy,max intensity,intensity,harmocity,thoughts spectral,speaker,clean_label
vad6,0.805419501,1,other man,-0.000940579,1419.230769,140.3733045,88.08204381,1.086762577,0.024440219,0.214690624,0.000101876,83.5189446,55.46935438,3.882153342,0,2.0,1
vad8,0.835419501,1,other man,-0.000719904,1000.378965,152.0993506,468.2152975,0.926627792,0.027396278,0.210485319,7.87e-05,82.66201763,54.03451965,5.235182574,0,2.0,1
vad12,0.665328798,1,other man,-0.000313911,730.7128906,137.8236174,65.74352466,2.144398765,0.050804648,0.260636899,2.55e-05,79.49249605,50.33841797,3.866640784,0,2.0,1
vad14,0.515260771,1,other man,-0.00097146,738.8160342,132.042332,137.5903337,0.821953173,0.037060089,0.221542322,5.73e-05,83.77656215,54.89363063,5.565885274,0,2.0,1
vad20,2.176099773,1,other man (border 2),-0.000376918,1140.655692,184.7314342,489.2659554,1.554716389,0.046225335,0.235862887,0.000102628,81.07298605,51.07799152,3.302349627,"low slope high roll off, this one is more aggressive",2.0,1
